{
    "results": {
        "tool": {
            "name": "pytest",
            "version": "8.4.1"
        },
        "summary": {
            "tests": 1,
            "passed": 1,
            "failed": 0,
            "skipped": 0,
            "pending": 0,
            "other": 0,
            "start": 1775780229.6195936,
            "stop": 1775780229.6697953
        },
        "tests": [
            {
                "name": "test_outputs.py::test_json_data",
                "status": "passed",
                "duration": 0.0003812341019511223,
                "start": 1775780229.6691318,
                "stop": 1775780229.6696646,
                "retries": 0,
                "file_path": "test_outputs.py"
            }
        ]
    }
}