{
    "results": {
        "tool": {
            "name": "pytest",
            "version": "8.4.1"
        },
        "summary": {
            "tests": 2,
            "passed": 2,
            "failed": 0,
            "skipped": 0,
            "pending": 0,
            "other": 0,
            "start": 1775855000.2364705,
            "stop": 1775855000.293433
        },
        "tests": [
            {
                "name": "test_outputs.py::test_about_file",
                "status": "passed",
                "duration": 0.00042463233694434166,
                "start": 1775855000.2921557,
                "stop": 1775855000.2927554,
                "retries": 0,
                "file_path": "test_outputs.py"
            },
            {
                "name": "test_outputs.py::test_layout_file",
                "status": "passed",
                "duration": 0.00032659200951457024,
                "start": 1775855000.2928977,
                "stop": 1775855000.2933211,
                "retries": 0,
                "file_path": "test_outputs.py"
            }
        ]
    }
}