{
    "results": {
        "tool": {
            "name": "pytest",
            "version": "8.4.1"
        },
        "summary": {
            "tests": 1,
            "passed": 1,
            "failed": 0,
            "skipped": 0,
            "pending": 0,
            "other": 0,
            "start": 1775855503.025948,
            "stop": 1775855503.0904038
        },
        "tests": [
            {
                "name": "test_outputs.py::test_json_data",
                "status": "passed",
                "duration": 0.00040091387927532196,
                "start": 1775855503.0897238,
                "stop": 1775855503.0902846,
                "retries": 0,
                "file_path": "test_outputs.py"
            }
        ]
    }
}