{
    "results": {
        "tool": {
            "name": "pytest",
            "version": "8.4.1"
        },
        "summary": {
            "tests": 2,
            "passed": 2,
            "failed": 0,
            "skipped": 0,
            "pending": 0,
            "other": 0,
            "start": 1775843108.6345594,
            "stop": 1775843108.6909223
        },
        "tests": [
            {
                "name": "test_outputs.py::test_about_file",
                "status": "passed",
                "duration": 0.00039921002462506294,
                "start": 1775843108.689688,
                "stop": 1775843108.6902688,
                "retries": 0,
                "file_path": "test_outputs.py"
            },
            {
                "name": "test_outputs.py::test_layout_file",
                "status": "passed",
                "duration": 0.0003064707852900028,
                "start": 1775843108.6904054,
                "stop": 1775843108.6908045,
                "retries": 0,
                "file_path": "test_outputs.py"
            }
        ]
    }
}