{
    "results": {
        "tool": {
            "name": "pytest",
            "version": "8.4.1"
        },
        "summary": {
            "tests": 1,
            "passed": 1,
            "failed": 0,
            "skipped": 0,
            "pending": 0,
            "other": 0,
            "start": 1775843147.7949684,
            "stop": 1775843147.8461637
        },
        "tests": [
            {
                "name": "test_outputs.py::test_json_data",
                "status": "passed",
                "duration": 0.000398972537368536,
                "start": 1775843147.845484,
                "stop": 1775843147.8460457,
                "retries": 0,
                "file_path": "test_outputs.py"
            }
        ]
    }
}