{
    "results": {
        "tool": {
            "name": "pytest",
            "version": "8.4.1"
        },
        "summary": {
            "tests": 1,
            "passed": 1,
            "failed": 0,
            "skipped": 0,
            "pending": 0,
            "other": 0,
            "start": 1775776931.0144126,
            "stop": 1775776931.0656192
        },
        "tests": [
            {
                "name": "test_outputs.py::test_json_data",
                "status": "passed",
                "duration": 0.0003911335952579975,
                "start": 1775776931.064957,
                "stop": 1775776931.0655005,
                "retries": 0,
                "file_path": "test_outputs.py"
            }
        ]
    }
}