{
    "results": {
        "tool": {
            "name": "pytest",
            "version": "8.4.1"
        },
        "summary": {
            "tests": 2,
            "passed": 2,
            "failed": 0,
            "skipped": 0,
            "pending": 0,
            "other": 0,
            "start": 1775778440.559215,
            "stop": 1775778440.6146736
        },
        "tests": [
            {
                "name": "test_outputs.py::test_about_file",
                "status": "passed",
                "duration": 0.00040901172906160355,
                "start": 1775778440.613418,
                "stop": 1775778440.6139975,
                "retries": 0,
                "file_path": "test_outputs.py"
            },
            {
                "name": "test_outputs.py::test_layout_file",
                "status": "passed",
                "duration": 0.0003199703060090542,
                "start": 1775778440.6141462,
                "stop": 1775778440.6145625,
                "retries": 0,
                "file_path": "test_outputs.py"
            }
        ]
    }
}