{
    "results": {
        "tool": {
            "name": "pytest",
            "version": "8.4.1"
        },
        "summary": {
            "tests": 2,
            "passed": 2,
            "failed": 0,
            "skipped": 0,
            "pending": 0,
            "other": 0,
            "start": 1775784633.2777395,
            "stop": 1775784633.3343153
        },
        "tests": [
            {
                "name": "test_outputs.py::test_about_file",
                "status": "passed",
                "duration": 0.0004083518870174885,
                "start": 1775784633.3330796,
                "stop": 1775784633.333655,
                "retries": 0,
                "file_path": "test_outputs.py"
            },
            {
                "name": "test_outputs.py::test_layout_file",
                "status": "passed",
                "duration": 0.0003118296153843403,
                "start": 1775784633.3337932,
                "stop": 1775784633.3342087,
                "retries": 0,
                "file_path": "test_outputs.py"
            }
        ]
    }
}