{
    "results": {
        "tool": {
            "name": "pytest",
            "version": "8.4.1"
        },
        "summary": {
            "tests": 1,
            "passed": 1,
            "failed": 0,
            "skipped": 0,
            "pending": 0,
            "other": 0,
            "start": 1775843521.942658,
            "stop": 1775843522.0160904
        },
        "tests": [
            {
                "name": "test_outputs.py::test_json_data",
                "status": "passed",
                "duration": 0.00042620347812771797,
                "start": 1775843522.0153747,
                "stop": 1775843522.015966,
                "retries": 0,
                "file_path": "test_outputs.py"
            }
        ]
    }
}