{
    "results": {
        "tool": {
            "name": "pytest",
            "version": "8.4.1"
        },
        "summary": {
            "tests": 2,
            "passed": 2,
            "failed": 0,
            "skipped": 0,
            "pending": 0,
            "other": 0,
            "start": 1775849499.2882078,
            "stop": 1775849499.3434892
        },
        "tests": [
            {
                "name": "test_outputs.py::test_about_file",
                "status": "passed",
                "duration": 0.00040240073576569557,
                "start": 1775849499.342249,
                "stop": 1775849499.3428202,
                "retries": 0,
                "file_path": "test_outputs.py"
            },
            {
                "name": "test_outputs.py::test_layout_file",
                "status": "passed",
                "duration": 0.0003335210494697094,
                "start": 1775849499.3429556,
                "stop": 1775849499.3433824,
                "retries": 0,
                "file_path": "test_outputs.py"
            }
        ]
    }
}