{
    "results": {
        "tool": {
            "name": "pytest",
            "version": "8.4.1"
        },
        "summary": {
            "tests": 2,
            "passed": 2,
            "failed": 0,
            "skipped": 0,
            "pending": 0,
            "other": 0,
            "start": 1775848198.3939638,
            "stop": 1775848198.4526708
        },
        "tests": [
            {
                "name": "test_outputs.py::test_about_file",
                "status": "passed",
                "duration": 0.00040155090391635895,
                "start": 1775848198.4514337,
                "stop": 1775848198.4520051,
                "retries": 0,
                "file_path": "test_outputs.py"
            },
            {
                "name": "test_outputs.py::test_layout_file",
                "status": "passed",
                "duration": 0.0003210911527276039,
                "start": 1775848198.4521487,
                "stop": 1775848198.4525623,
                "retries": 0,
                "file_path": "test_outputs.py"
            }
        ]
    }
}