{
    "results": {
        "tool": {
            "name": "pytest",
            "version": "8.4.1"
        },
        "summary": {
            "tests": 1,
            "passed": 1,
            "failed": 0,
            "skipped": 0,
            "pending": 0,
            "other": 0,
            "start": 1775845312.3046145,
            "stop": 1775845312.3759656
        },
        "tests": [
            {
                "name": "test_outputs.py::test_primers",
                "status": "passed",
                "duration": 0.014058254659175873,
                "start": 1775845312.3615127,
                "stop": 1775845312.3758125,
                "retries": 0,
                "file_path": "test_outputs.py"
            }
        ]
    }
}