{
    "results": {
        "tool": {
            "name": "pytest",
            "version": "8.4.1"
        },
        "summary": {
            "tests": 1,
            "passed": 1,
            "failed": 0,
            "skipped": 0,
            "pending": 0,
            "other": 0,
            "start": 1775856019.0272791,
            "stop": 1775856019.080117
        },
        "tests": [
            {
                "name": "test_outputs.py::test_json_data",
                "status": "passed",
                "duration": 0.0003928220830857754,
                "start": 1775856019.0794425,
                "stop": 1775856019.0799978,
                "retries": 0,
                "file_path": "test_outputs.py"
            }
        ]
    }
}