{
    "results": {
        "tool": {
            "name": "pytest",
            "version": "8.4.1"
        },
        "summary": {
            "tests": 2,
            "passed": 2,
            "failed": 0,
            "skipped": 0,
            "pending": 0,
            "other": 0,
            "start": 1775856080.7240338,
            "stop": 1775856080.7794485
        },
        "tests": [
            {
                "name": "test_outputs.py::test_about_file",
                "status": "passed",
                "duration": 0.0004304829053580761,
                "start": 1775856080.7781918,
                "stop": 1775856080.7787905,
                "retries": 0,
                "file_path": "test_outputs.py"
            },
            {
                "name": "test_outputs.py::test_layout_file",
                "status": "passed",
                "duration": 0.000319652259349823,
                "start": 1775856080.7789254,
                "stop": 1775856080.77934,
                "retries": 0,
                "file_path": "test_outputs.py"
            }
        ]
    }
}