{
    "results": {
        "tool": {
            "name": "pytest",
            "version": "8.4.1"
        },
        "summary": {
            "tests": 2,
            "passed": 2,
            "failed": 0,
            "skipped": 0,
            "pending": 0,
            "other": 0,
            "start": 1775848330.7050166,
            "stop": 1775848330.760595
        },
        "tests": [
            {
                "name": "test_outputs.py::test_about_file",
                "status": "passed",
                "duration": 0.0003858618438243866,
                "start": 1775848330.7594032,
                "stop": 1775848330.7599566,
                "retries": 0,
                "file_path": "test_outputs.py"
            },
            {
                "name": "test_outputs.py::test_layout_file",
                "status": "passed",
                "duration": 0.0003068004734814167,
                "start": 1775848330.7600908,
                "stop": 1775848330.7604885,
                "retries": 0,
                "file_path": "test_outputs.py"
            }
        ]
    }
}