{
    "results": {
        "tool": {
            "name": "pytest",
            "version": "8.4.1"
        },
        "summary": {
            "tests": 2,
            "passed": 2,
            "failed": 0,
            "skipped": 0,
            "pending": 0,
            "other": 0,
            "start": 1775855107.144597,
            "stop": 1775855107.2034028
        },
        "tests": [
            {
                "name": "test_outputs.py::test_about_file",
                "status": "passed",
                "duration": 0.00041669048368930817,
                "start": 1775855107.2021515,
                "stop": 1775855107.2027428,
                "retries": 0,
                "file_path": "test_outputs.py"
            },
            {
                "name": "test_outputs.py::test_layout_file",
                "status": "passed",
                "duration": 0.0003195912577211857,
                "start": 1775855107.202879,
                "stop": 1775855107.203293,
                "retries": 0,
                "file_path": "test_outputs.py"
            }
        ]
    }
}