{
    "results": {
        "tool": {
            "name": "pytest",
            "version": "8.4.1"
        },
        "summary": {
            "tests": 1,
            "passed": 1,
            "failed": 0,
            "skipped": 0,
            "pending": 0,
            "other": 0,
            "start": 1775783585.7806892,
            "stop": 1775783585.831331
        },
        "tests": [
            {
                "name": "test_outputs.py::test_json_data",
                "status": "passed",
                "duration": 0.00041730981320142746,
                "start": 1775783585.8306365,
                "stop": 1775783585.8312113,
                "retries": 0,
                "file_path": "test_outputs.py"
            }
        ]
    }
}