{
    "results": {
        "tool": {
            "name": "pytest",
            "version": "8.4.1"
        },
        "summary": {
            "tests": 2,
            "passed": 2,
            "failed": 0,
            "skipped": 0,
            "pending": 0,
            "other": 0,
            "start": 1775855674.8496578,
            "stop": 1775855674.906459
        },
        "tests": [
            {
                "name": "test_outputs.py::test_about_file",
                "status": "passed",
                "duration": 0.0004471614956855774,
                "start": 1775855674.9051588,
                "stop": 1775855674.9057863,
                "retries": 0,
                "file_path": "test_outputs.py"
            },
            {
                "name": "test_outputs.py::test_layout_file",
                "status": "passed",
                "duration": 0.00032345112413167953,
                "start": 1775855674.9059296,
                "stop": 1775855674.9063466,
                "retries": 0,
                "file_path": "test_outputs.py"
            }
        ]
    }
}