{
    "results": {
        "tool": {
            "name": "pytest",
            "version": "8.4.1"
        },
        "summary": {
            "tests": 1,
            "passed": 1,
            "failed": 0,
            "skipped": 0,
            "pending": 0,
            "other": 0,
            "start": 1775849146.1438572,
            "stop": 1775849146.1942203
        },
        "tests": [
            {
                "name": "test_outputs.py::test_json_data",
                "status": "passed",
                "duration": 0.0003987131640315056,
                "start": 1775849146.1935449,
                "stop": 1775849146.1940997,
                "retries": 0,
                "file_path": "test_outputs.py"
            }
        ]
    }
}