{
    "results": {
        "tool": {
            "name": "pytest",
            "version": "8.4.1"
        },
        "summary": {
            "tests": 2,
            "passed": 2,
            "failed": 0,
            "skipped": 0,
            "pending": 0,
            "other": 0,
            "start": 1775843220.1776307,
            "stop": 1775843220.2366714
        },
        "tests": [
            {
                "name": "test_outputs.py::test_about_file",
                "status": "passed",
                "duration": 0.0004246700555086136,
                "start": 1775843220.235383,
                "stop": 1775843220.235985,
                "retries": 0,
                "file_path": "test_outputs.py"
            },
            {
                "name": "test_outputs.py::test_layout_file",
                "status": "passed",
                "duration": 0.000322951003909111,
                "start": 1775843220.2361355,
                "stop": 1775843220.2365563,
                "retries": 0,
                "file_path": "test_outputs.py"
            }
        ]
    }
}