{
    "results": {
        "tool": {
            "name": "pytest",
            "version": "8.4.1"
        },
        "summary": {
            "tests": 2,
            "passed": 2,
            "failed": 0,
            "skipped": 0,
            "pending": 0,
            "other": 0,
            "start": 1776138928.903612,
            "stop": 1776138928.9674249
        },
        "tests": [
            {
                "name": "test_outputs.py::test_about_file",
                "status": "passed",
                "duration": 0.00039964355528354645,
                "start": 1776138928.9662058,
                "stop": 1776138928.9667768,
                "retries": 0,
                "file_path": "test_outputs.py"
            },
            {
                "name": "test_outputs.py::test_layout_file",
                "status": "passed",
                "duration": 0.0003057224676012993,
                "start": 1776138928.9669132,
                "stop": 1776138928.967309,
                "retries": 0,
                "file_path": "test_outputs.py"
            }
        ]
    }
}