{
    "results": {
        "tool": {
            "name": "pytest",
            "version": "8.4.1"
        },
        "summary": {
            "tests": 2,
            "passed": 2,
            "failed": 0,
            "skipped": 0,
            "pending": 0,
            "other": 0,
            "start": 1775781950.5984783,
            "stop": 1775781950.6559172
        },
        "tests": [
            {
                "name": "test_outputs.py::test_about_file",
                "status": "passed",
                "duration": 0.0003989008255302906,
                "start": 1775781950.6546893,
                "stop": 1775781950.655272,
                "retries": 0,
                "file_path": "test_outputs.py"
            },
            {
                "name": "test_outputs.py::test_layout_file",
                "status": "passed",
                "duration": 0.0003093210980296135,
                "start": 1775781950.655408,
                "stop": 1775781950.6558084,
                "retries": 0,
                "file_path": "test_outputs.py"
            }
        ]
    }
}