{
    "results": {
        "tool": {
            "name": "pytest",
            "version": "8.4.1"
        },
        "summary": {
            "tests": 1,
            "passed": 1,
            "failed": 0,
            "skipped": 0,
            "pending": 0,
            "other": 0,
            "start": 1775844313.5171876,
            "stop": 1775844313.5686672
        },
        "tests": [
            {
                "name": "test_outputs.py::test_json_data",
                "status": "passed",
                "duration": 0.0003879847936332226,
                "start": 1775844313.5680094,
                "stop": 1775844313.5685494,
                "retries": 0,
                "file_path": "test_outputs.py"
            }
        ]
    }
}