{
    "results": {
        "tool": {
            "name": "pytest",
            "version": "8.4.1"
        },
        "summary": {
            "tests": 2,
            "passed": 2,
            "failed": 0,
            "skipped": 0,
            "pending": 0,
            "other": 0,
            "start": 1775843898.3642159,
            "stop": 1775843898.4196076
        },
        "tests": [
            {
                "name": "test_outputs.py::test_about_file",
                "status": "passed",
                "duration": 0.00039535248652100563,
                "start": 1775843898.4183888,
                "stop": 1775843898.4189472,
                "retries": 0,
                "file_path": "test_outputs.py"
            },
            {
                "name": "test_outputs.py::test_layout_file",
                "status": "passed",
                "duration": 0.00031972117722034454,
                "start": 1775843898.4190872,
                "stop": 1775843898.4195013,
                "retries": 0,
                "file_path": "test_outputs.py"
            }
        ]
    }
}