{
    "results": {
        "tool": {
            "name": "pytest",
            "version": "8.4.1"
        },
        "summary": {
            "tests": 2,
            "passed": 2,
            "failed": 0,
            "skipped": 0,
            "pending": 0,
            "other": 0,
            "start": 1775848950.9659827,
            "stop": 1775848951.045906
        },
        "tests": [
            {
                "name": "test_outputs.py::test_about_file",
                "status": "passed",
                "duration": 0.00039915135130286217,
                "start": 1775848951.0446727,
                "stop": 1775848951.0452492,
                "retries": 0,
                "file_path": "test_outputs.py"
            },
            {
                "name": "test_outputs.py::test_layout_file",
                "status": "passed",
                "duration": 0.000314460601657629,
                "start": 1775848951.0453916,
                "stop": 1775848951.0457973,
                "retries": 0,
                "file_path": "test_outputs.py"
            }
        ]
    }
}