{
    "results": {
        "tool": {
            "name": "pytest",
            "version": "8.4.1"
        },
        "summary": {
            "tests": 1,
            "passed": 1,
            "failed": 0,
            "skipped": 0,
            "pending": 0,
            "other": 0,
            "start": 1775844547.3164995,
            "stop": 1775844547.380198
        },
        "tests": [
            {
                "name": "test_outputs.py::test_primers",
                "status": "passed",
                "duration": 0.012412144336849451,
                "start": 1775844547.3673882,
                "stop": 1775844547.3800387,
                "retries": 0,
                "file_path": "test_outputs.py"
            }
        ]
    }
}