{
    "results": {
        "tool": {
            "name": "pytest",
            "version": "8.4.1"
        },
        "summary": {
            "tests": 2,
            "passed": 2,
            "failed": 0,
            "skipped": 0,
            "pending": 0,
            "other": 0,
            "start": 1776141665.2734659,
            "stop": 1776141665.3292413
        },
        "tests": [
            {
                "name": "test_outputs.py::test_about_file",
                "status": "passed",
                "duration": 0.0004077106714248657,
                "start": 1776141665.3280113,
                "stop": 1776141665.328591,
                "retries": 0,
                "file_path": "test_outputs.py"
            },
            {
                "name": "test_outputs.py::test_layout_file",
                "status": "passed",
                "duration": 0.00030759256333112717,
                "start": 1776141665.3287284,
                "stop": 1776141665.32913,
                "retries": 0,
                "file_path": "test_outputs.py"
            }
        ]
    }
}