{
    "results": {
        "tool": {
            "name": "pytest",
            "version": "8.4.1"
        },
        "summary": {
            "tests": 1,
            "passed": 1,
            "failed": 0,
            "skipped": 0,
            "pending": 0,
            "other": 0,
            "start": 1775848243.8911219,
            "stop": 1775848243.9411557
        },
        "tests": [
            {
                "name": "test_outputs.py::test_json_data",
                "status": "passed",
                "duration": 0.00038934312760829926,
                "start": 1775848243.940489,
                "stop": 1775848243.9410388,
                "retries": 0,
                "file_path": "test_outputs.py"
            }
        ]
    }
}