{
    "results": {
        "tool": {
            "name": "pytest",
            "version": "8.4.1"
        },
        "summary": {
            "tests": 1,
            "passed": 1,
            "failed": 0,
            "skipped": 0,
            "pending": 0,
            "other": 0,
            "start": 1775848563.5798876,
            "stop": 1775848563.6310394
        },
        "tests": [
            {
                "name": "test_outputs.py::test_json_data",
                "status": "passed",
                "duration": 0.00041795428842306137,
                "start": 1775848563.6303394,
                "stop": 1775848563.630918,
                "retries": 0,
                "file_path": "test_outputs.py"
            }
        ]
    }
}